year,country,indicator,value,,,year,,,
1960,Argentina,Agricultural_land_(sq. km),1378290,"""","""",1960,"""1960"",","""1960"",""1970"",""1980"",""1990"",""2000"",""2010"",""2015"",""2018"",","""1960"",""1970"",""1980"",""1990"",""2000"",""2010"",""2015"",""2018"","
1960,Australia,Agricultural_land_(sq. km),4615850,"""","""",1970,"""1970"",",,
1960,Brazil,Agricultural_land_(sq. km),1505310,"""","""",1980,"""1980"",",,
1960,Canada,Agricultural_land_(sq. km),698250,"""","""",1990,"""1990"",",,
1960,China,Agricultural_land_(sq. km),3423500,"""","""",2000,"""2000"",",,
1960,German,Agricultural_land_(sq. km),193750,"""","""",2010,"""2010"",",,
1960,European_Union,Agricultural_land_(sq. km),2101850.999,"""","""",2015,"""2015"",",,
1960,France,Agricultural_land_(sq. km),345390,"""","""",2018,"""2018"",",,
1960,United_Kingdom,Agricultural_land_(sq. km),198000,"""","""",country,"""country"",","""country"",""Argentina"",""Australia"",""Brazil"",""Canada"",""China"",""German"",""European_Union"",""France"",""United_Kingdom"",""Indonesia"",""India"",""Italy"",""Japan"",""Korea,_Rep."",""Mexico"",""Saudi_Arabia"",""Turkey"",""United_States"",""South_Africa"",""Russian_Federation"",","""country"",""Argentina"",""Australia"",""Brazil"",""Canada"",""China"",""German"",""European_Union"",""France"",""United_Kingdom"",""Indonesia"",""India"",""Italy"",""Japan"",""Korea,_Rep."",""Mexico"",""Saudi_Arabia"",""Turkey"",""United_States"",""South_Africa"",""Russian_Federation"","
1960,Indonesia,Agricultural_land_(sq. km),386000,"""","""",Argentina,"""Argentina"",",,
1960,India,Agricultural_land_(sq. km),1749520,"""","""",Australia,"""Australia"",",,
1960,Italy,Agricultural_land_(sq. km),206830,"""","""",Brazil,"""Brazil"",",,
1960,Japan,Agricultural_land_(sq. km),71100,"""","""",Canada,"""Canada"",",,
1960,"Korea,_Rep.",Agricultural_land_(sq. km),21130,"""","""",China,"""China"",",,
1960,Mexico,Agricultural_land_(sq. km),983160,"""","""",German,"""German"",",,
1960,Saudi_Arabia,Agricultural_land_(sq. km),861700,"""","""",European_Union,"""European_Union"",",,
1960,Turkey,Agricultural_land_(sq. km),365170,"""","""",France,"""France"",",,
1960,United_States,Agricultural_land_(sq. km),4475090,"""","""",United_Kingdom,"""United_Kingdom"",",,
1960,South_Africa,Agricultural_land_(sq. km),1013350,"""","""",Indonesia,"""Indonesia"",",,
1960,Argentina,CO2_Emissions(kt),51180.319,"""","""",India,"""India"",",,
1960,Australia,CO2_Emissions(kt),90589.568,"""","""",Italy,"""Italy"",",,
1960,Brazil,CO2_Emissions(kt),49203.806,"""","""",Japan,"""Japan"",",,
1960,Canada,CO2_Emissions(kt),194182.318,"""","""","Korea,_Rep.","""Korea,_Rep."",",,
1960,China,CO2_Emissions(kt),552066.85,"""","""",Mexico,"""Mexico"",",,
1960,European_Union,CO2_Emissions(kt),2445945.664,"""","""",Saudi_Arabia,"""Saudi_Arabia"",",,
1960,France,CO2_Emissions(kt),281211.229,"""","""",Turkey,"""Turkey"",",,
1960,United_Kingdom,CO2_Emissions(kt),588938.535,"""","""",United_States,"""United_States"",",,
1960,Indonesia,CO2_Emissions(kt),26024.699,"""","""",South_Africa,"""South_Africa"",",,
1960,India,CO2_Emissions(kt),130402.187,"""","""",Russian_Federation,"""Russian_Federation"",",,
1960,Italy,CO2_Emissions(kt),124549.655,,,,,,
1960,Japan,CO2_Emissions(kt),283118.069,,,,,,
1960,"Korea,_Rep.",CO2_Emissions(kt),14462.648,,,,,,
1960,Mexico,CO2_Emissions(kt),65305.603,,,,,,
1960,Saudi_Arabia,CO2_Emissions(kt),3571.658,,,,,,
1960,Turkey,CO2_Emissions(kt),17363.245,,,,,,
1960,United_States,CO2_Emissions(kt),2880505.507,,,,,,
1960,South_Africa,CO2_Emissions(kt),102213.958,,,,,,
1960,Argentina,Population,20817266,,,,,,
1960,Australia,Population,10483000,,,,,,
1960,Brazil,Population,74311343,,,,,,
1960,Canada,Population,18271000,,,,,,
1960,China,Population,660330000,,,,,,
1960,German,Population,73377632,,,,,,
1960,European_Union,Population,412798418,,,,,,
1960,France,Population,47240543,,,,,,
1960,United_Kingdom,Population,52800000,,,,,,
1960,Indonesia,Population,90098394,,,,,,
1960,India,Population,459642165,,,,,,
1960,Italy,Population,50536350,,,,,,
1960,Japan,Population,94943000,,,,,,
1960,"Korea,_Rep.",Population,25765673,,,,,,
1960,Mexico,Population,38966056,,,,,,
1960,Russian_Federation,Population,121236000,,,,,,
1960,Saudi_Arabia,Population,4218853,,,,,,
1960,Turkey,Population,28146910,,,,,,
1960,United_States,Population,183691000,,,,,,
1960,South_Africa,Population,17524533,,,,,,
1960,Argentina,Urban population,15449950,,,,,,
1960,Australia,Urban population,8589875,,,,,,
1960,Brazil,Urban population,35016991,,,,,,
1960,Canada,Urban population,12729040,,,,,,
1960,China,Urban population,110327936,,,,,,
1960,German,Urban population,52609561,,,,,,
1960,European_Union,Urban population,254563188,,,,,,
1960,France,Urban population,29575887,,,,,,
1960,United_Kingdom,Urban population,41381472,,,,,,
1960,Indonesia,Urban population,13353483,,,,,,
1960,India,Urban population,82882675,,,,,,
1960,Italy,Urban population,30249038,,,,,,
1960,Japan,Urban population,60965749,,,,,,
1960,"Korea,_Rep.",Urban population,7351204,,,,,,
1960,Mexico,Urban population,20102588,,,,,,
1960,Russian_Federation,Urban population,66226377,,,,,,
1960,Saudi_Arabia,Urban population,1365769,,,,,,
1960,Turkey,Urban population,9025025,,,,,,
1960,United_States,Urban population,129276215,,,,,,
1960,South_Africa,Urban population,8200255,,,,,,
1970,Argentina,Agricultural_land_(sq. km),1292800,,,,,,
1970,Australia,Agricultural_land_(sq. km),4817870,,,,,,
1970,Brazil,Agricultural_land_(sq. km),1953970,,,,,,
1970,Canada,Agricultural_land_(sq. km),690210,,,,,,
1970,China,Agricultural_land_(sq. km),3746000,,,,,,
1970,German,Agricultural_land_(sq. km),190230,,,,,,
1970,European_Union,Agricultural_land_(sq. km),2041680,,,,,,
1970,France,Agricultural_land_(sq. km),324950,,,,,,
1970,United_Kingdom,Agricultural_land_(sq. km),188490,,,,,,
1970,Indonesia,Agricultural_land_(sq. km),384000,,,,,,
1970,India,Agricultural_land_(sq. km),1780520,,,,,,
1970,Italy,Agricultural_land_(sq. km),201800,,,,,,
1970,Japan,Agricultural_land_(sq. km),66960,,,,,,
1970,"Korea,_Rep.",Agricultural_land_(sq. km),23240,,,,,,
1970,Mexico,Agricultural_land_(sq. km),976350,,,,,,
1970,Saudi_Arabia,Agricultural_land_(sq. km),864200,,,,,,
1970,Turkey,Agricultural_land_(sq. km),381780,,,,,,
1970,United_States,Agricultural_land_(sq. km),4344000,,,,,,
1970,South_Africa,Agricultural_land_(sq. km),955900,,,,,,
1970,Argentina,CO2_Emissions(kt),82734.854,,,,,,
1970,Australia,CO2_Emissions(kt),147618.752,,,,,,
1970,Brazil,CO2_Emissions(kt),93761.523,,,,,,
1970,Canada,CO2_Emissions(kt),341485.708,,,,,,
1970,China,CO2_Emissions(kt),771617.474,,,,,,
1970,European_Union,CO2_Emissions(kt),3753440.756,,,,,,
1970,France,CO2_Emissions(kt),439013.24,,,,,,
1970,United_Kingdom,CO2_Emissions(kt),653063.364,,,,,,
1970,Indonesia,CO2_Emissions(kt),35822.923,,,,,,
1970,India,CO2_Emissions(kt),195143.072,,,,,,
1970,Italy,CO2_Emissions(kt),296740.974,,,,,,
1970,Japan,CO2_Emissions(kt),768823.22,,,,,,
1970,"Korea,_Rep.",CO2_Emissions(kt),53783.889,,,,,,
1970,Mexico,CO2_Emissions(kt),114073.036,,,,,,
1970,Saudi_Arabia,CO2_Emissions(kt),45291.117,,,,,,
1970,Turkey,CO2_Emissions(kt),42639.876,,,,,,
1970,United_States,CO2_Emissions(kt),4328904.501,,,,,,
1970,South_Africa,CO2_Emissions(kt),149763.947,,,,,,
1970,Argentina,Population,23880561,,,,,,
1970,Australia,Population,12507000,,,,,,
1970,Brazil,Population,95113265,,,,,,
1970,Canada,Population,21324000,,,,,,
1970,China,Population,818315000,,,,,,
1970,German,Population,78169289,,,,,,
1970,European_Union,Population,441986158,,,,,,
1970,France,Population,51957738,,,,,,
1970,United_Kingdom,Population,55663250,,,,,,
1970,Indonesia,Population,114793178,,,,,,
1970,India,Population,555189792,,,,,,
1970,Italy,Population,53821850,,,,,,
1970,Japan,Population,104345000,,,,,,
1970,"Korea,_Rep.",Population,32240827,,,,,,
1970,Mexico,Population,51493565,,,,,,
1970,Russian_Federation,Population,130404000,,,,,,
1970,Saudi_Arabia,Population,5836389,,,,,,
1970,Turkey,Population,34876303,,,,,,
1970,United_States,Population,205052000,,,,,,
1970,South_Africa,Population,22069776,,,,,,
1970,Argentina,Greenhouse_gas_emissions_(kt_of_CO2 equivalent),221957.023,,,,,,
1970,Australia,Greenhouse_gas_emissions_(kt_of_CO2 equivalent),319036.599,,,,,,
1970,Brazil,Greenhouse_gas_emissions_(kt_of_CO2 equivalent),1260982.146,,,,,,
1970,Canada,Greenhouse_gas_emissions_(kt_of_CO2 equivalent),494973.635,,,,,,
1970,China,Greenhouse_gas_emissions_(kt_of_CO2 equivalent),1873971.675,,,,,,
1970,German,Greenhouse_gas_emissions_(kt_of_CO2 equivalent),1286569.85,,,,,,
1970,European_Union,Greenhouse_gas_emissions_(kt_of_CO2 equivalent),5435016.121,,,,,,
1970,France,Greenhouse_gas_emissions_(kt_of_CO2 equivalent),614501.57,,,,,,
1970,United_Kingdom,Greenhouse_gas_emissions_(kt_of_CO2 equivalent),839587.41,,,,,,
1970,Indonesia,Greenhouse_gas_emissions_(kt_of_CO2 equivalent),339677.08,,,,,,
1970,India,Greenhouse_gas_emissions_(kt_of_CO2 equivalent),746498.11,,,,,,
1970,Italy,Greenhouse_gas_emissions_(kt_of_CO2 equivalent),388249.306,,,,,,
1970,Japan,Greenhouse_gas_emissions_(kt_of_CO2 equivalent),941132.584,,,,,,
1970,"Korea,_Rep.",Greenhouse_gas_emissions_(kt_of_CO2 equivalent),88641.352,,,,,,
1970,Mexico,Greenhouse_gas_emissions_(kt_of_CO2 equivalent),210547.8556,,,,,,
1970,Russian_Federation,Greenhouse_gas_emissions_(kt_of_CO2 equivalent),2240872.97,,,,,,
1970,Saudi_Arabia,Greenhouse_gas_emissions_(kt_of_CO2 equivalent),78220.3308,,,,,,
1970,Turkey,Greenhouse_gas_emissions_(kt_of_CO2 equivalent),94428.85,,,,,,
1970,United_States,Greenhouse_gas_emissions_(kt_of_CO2 equivalent),5400503.5,,,,,,
1970,South_Africa,Greenhouse_gas_emissions_(kt_of_CO2 equivalent),253769.713,,,,,,
1970,Argentina,Urban population,18836987,,,,,,
1970,Australia,Urban population,10505755,,,,,,
1970,Brazil,Urban population,53176875,,,,,,
1970,Canada,Urban population,16132459,,,,,,
1970,China,Urban population,142386810,,,,,,
1970,German,Urban population,56496072,,,,,,
1970,European_Union,Urban population,290265110,,,,,,
1970,France,Urban population,36918571,,,,,,
1970,United_Kingdom,Urban population,42925829,,,,,,
1970,Indonesia,Urban population,19596343,,,,,,
1970,India,Urban population,109705503,,,,,,
1970,Italy,Urban population,34592379,,,,,,
1970,Japan,Urban population,75000056,,,,,,
1970,"Korea,_Rep.",Urban population,13123306,,,,,,
1970,Mexico,Urban population,30392017,,,,,,
1970,Russian_Federation,Urban population,81464683,,,,,,
1970,Saudi_Arabia,Urban population,2840512,,,,,,
1970,Turkey,Urban population,13334606,,,,,,
1970,United_States,Urban population,150922373,,,,,,
1970,South_Africa,Urban population,10551339,,,,,,
1980,Argentina,Agricultural_land_(sq. km),1280200,,,,,,
1980,Australia,Agricultural_land_(sq. km),4829260,,,,,,
1980,Brazil,Agricultural_land_(sq. km),2242780,,,,,,
1980,Canada,Agricultural_land_(sq. km),663960,,,,,,
1980,China,Agricultural_land_(sq. km),4276040,,,,,,
1980,German,Agricultural_land_(sq. km),185190,,,,,,
1980,European_Union,Agricultural_land_(sq. km),1976655,,,,,,
1980,France,Agricultural_land_(sq. km),317220,,,,,,
1980,United_Kingdom,Agricultural_land_(sq. km),184690,,,,,,
1980,Indonesia,Agricultural_land_(sq. km),380000,,,,,,
1980,India,Agricultural_land_(sq. km),1802720,,,,,,
1980,Italy,Agricultural_land_(sq. km),175620,,,,,,
1980,Japan,Agricultural_land_(sq. km),60610,,,,,,
1980,"Korea,_Rep.",Agricultural_land_(sq. km),22470,,,,,,
1980,Mexico,Agricultural_land_(sq. km),981800,,,,,,
1980,Saudi_Arabia,Agricultural_land_(sq. km),869620,,,,,,
1980,Turkey,Agricultural_land_(sq. km),385790,,,,,,
1980,United_States,Agricultural_land_(sq. km),4281630,,,,,,
1980,South_Africa,Agricultural_land_(sq. km),941600,,,,,,
1980,Argentina,CO2_Emissions(kt),108737.551,,,,,,
1980,Australia,CO2_Emissions(kt),220746.066,,,,,,
1980,Brazil,CO2_Emissions(kt),187090.34,,,,,,
1980,Canada,CO2_Emissions(kt),443233.957,,,,,,
1980,China,CO2_Emissions(kt),1467192.369,,,,,,
1980,European_Union,CO2_Emissions(kt),4518359.15,,,,,,
1980,France,CO2_Emissions(kt),505363.938,,,,,,
1980,United_Kingdom,CO2_Emissions(kt),579290.658,,,,,,
1980,Indonesia,CO2_Emissions(kt),94784.616,,,,,,
1980,India,CO2_Emissions(kt),314016.211,,,,,,
1980,Italy,CO2_Emissions(kt),388969.691,,,,,,
1980,Japan,CO2_Emissions(kt),947571.135,,,,,,
1980,"Korea,_Rep.",CO2_Emissions(kt),134868.593,,,,,,
1980,Mexico,CO2_Emissions(kt),268453.736,,,,,,
1980,Saudi_Arabia,CO2_Emissions(kt),169404.399,,,,,,
1980,Turkey,CO2_Emissions(kt),75763.887,,,,,,
1980,United_States,CO2_Emissions(kt),4723209.677,,,,,,
1980,South_Africa,CO2_Emissions(kt),228454.1,,,,,,
1980,Argentina,Population,27896528,,,,,,
1980,Australia,Population,14692000,,,,,,
1980,Brazil,Population,120694009,,,,,,
1980,Canada,Population,24515667,,,,,,
1980,China,Population,981235000,,,,,,
1980,German,Population,78288576,,,,,,
1980,European_Union,Population,464225439,,,,,,
1980,France,Population,55161527,,,,,,
1980,United_Kingdom,Population,56314216,,,,,,
1980,Indonesia,Population,147447836,,,,,,
1980,India,Population,698952844,,,,,,
1980,Italy,Population,56433883,,,,,,
1980,Japan,Population,116782000,,,,,,
1980,"Korea,_Rep.",Population,38123775,,,,,,
1980,Mexico,Population,67761372,,,,,,
1980,Russian_Federation,Population,139010000,,,,,,
1980,Saudi_Arabia,Population,9691476,,,,,,
1980,Turkey,Population,43975971,,,,,,
1980,United_States,Population,227225000,,,,,,
1980,South_Africa,Population,28556769,,,,,,
1980,Argentina,Greenhouse_gas_emissions_(kt_of_CO2 equivalent),253870.99,,,,,,
1980,Australia,Greenhouse_gas_emissions_(kt_of_CO2 equivalent),433837.438,,,,,,
1980,Brazil,Greenhouse_gas_emissions_(kt_of_CO2 equivalent),1499555.516,,,,,,
1980,Canada,Greenhouse_gas_emissions_(kt_of_CO2 equivalent),711937.51,,,,,,
1980,China,Greenhouse_gas_emissions_(kt_of_CO2 equivalent),2757430.09,,,,,,
1980,German,Greenhouse_gas_emissions_(kt_of_CO2 equivalent),1354782.98,,,,,,
1980,European_Union,Greenhouse_gas_emissions_(kt_of_CO2 equivalent),6212891.968,,,,,,
1980,France,Greenhouse_gas_emissions_(kt_of_CO2 equivalent),675156.85,,,,,,
1980,United_Kingdom,Greenhouse_gas_emissions_(kt_of_CO2 equivalent),806582.53,,,,,,
1980,Indonesia,Greenhouse_gas_emissions_(kt_of_CO2 equivalent),714214.48,,,,,,
1980,India,Greenhouse_gas_emissions_(kt_of_CO2 equivalent),929414.77,,,,,,
1980,Italy,Greenhouse_gas_emissions_(kt_of_CO2 equivalent),477727.329,,,,,,
1980,Japan,Greenhouse_gas_emissions_(kt_of_CO2 equivalent),1136091.34,,,,,,
1980,"Korea,_Rep.",Greenhouse_gas_emissions_(kt_of_CO2 equivalent),175229.771,,,,,,
1980,Mexico,Greenhouse_gas_emissions_(kt_of_CO2 equivalent),387137.41,,,,,,
1980,Russian_Federation,Greenhouse_gas_emissions_(kt_of_CO2 equivalent),3028837.5,,,,,,
1980,Saudi_Arabia,Greenhouse_gas_emissions_(kt_of_CO2 equivalent),260541.6713,,,,,,
1980,Turkey,Greenhouse_gas_emissions_(kt_of_CO2 equivalent),146951.184,,,,,,
1980,United_States,Greenhouse_gas_emissions_(kt_of_CO2 equivalent),5896082.8,,,,,,
1980,South_Africa,Greenhouse_gas_emissions_(kt_of_CO2 equivalent),307875.565,,,,,,
1980,Argentina,Urban population,23122595,,,,,,
1980,Australia,Urban population,12569300,,,,,,
1980,Brazil,Urban population,79015954,,,,,,
1980,Canada,Urban population,18549289,,,,,,
1980,China,Urban population,189947471,,,,,,
1980,German,Urban population,57028530,,,,,,
1980,European_Union,Urban population,319897066,,,,,,
1980,France,Urban population,40423470,,,,,,
1980,United_Kingdom,Urban population,44195960,,,,,,
1980,Indonesia,Urban population,32591870,,,,,,
1980,India,Urban population,161444128,,,,,,
1980,Italy,Urban population,37607540,,,,,,
1980,Japan,Urban population,88958689,,,,,,
1980,"Korea,_Rep.",Urban population,21623805,,,,,,
1980,Mexico,Urban population,44952217,,,,,,
1980,Russian_Federation,Urban population,96960865,,,,,,
1980,Saudi_Arabia,Urban population,6382806,,,,,,
1980,Turkey,Urban population,19252680,,,,,,
1980,United_States,Urban population,167551171,,,,,,
1980,South_Africa,Urban population,13828615,,,,,,
1990,Argentina,Agricultural_land_(sq. km),1275650,,,,,,
1990,Australia,Agricultural_land_(sq. km),4644810,,,,,,
1990,Brazil,Agricultural_land_(sq. km),2416080,,,,,,
1990,Canada,Agricultural_land_(sq. km),677680,,,,,,
1990,China,Agricultural_land_(sq. km),5056940,,,,,,
1990,German,Agricultural_land_(sq. km),180320,,,,,,
1990,European_Union,Agricultural_land_(sq. km),1929663.007,,,,,,
1990,France,Agricultural_land_(sq. km),305928.0078,,,,,,
1990,United_Kingdom,Agricultural_land_(sq. km),182030,,,,,,
1990,Indonesia,Agricultural_land_(sq. km),450830,,,,,,
1990,India,Agricultural_land_(sq. km),1814130,,,,,,
1990,Italy,Agricultural_land_(sq. km),168400,,,,,,
1990,Japan,Agricultural_land_(sq. km),56930,,,,,,
1990,"Korea,_Rep.",Agricultural_land_(sq. km),21790,,,,,,
1990,Mexico,Agricultural_land_(sq. km),1051510,,,,,,
1990,Saudi_Arabia,Agricultural_land_(sq. km),1234810,,,,,,
1990,Turkey,Agricultural_land_(sq. km),396770,,,,,,
1990,United_States,Agricultural_land_(sq. km),4269480,,,,,,
1990,South_Africa,Agricultural_land_(sq. km),956000,,,,,,
1990,Argentina,CO2_Emissions(kt),112147.861,,,,,,
1990,Australia,CO2_Emissions(kt),263704.971,,,,,,
1990,Brazil,CO2_Emissions(kt),208886.988,,,,,,
1990,Canada,CO2_Emissions(kt),435181.225,,,,,,
1990,China,CO2_Emissions(kt),2442431.019,,,,,,
1990,European_Union,CO2_Emissions(kt),4100786.671,,,,,,
1990,France,CO2_Emissions(kt),375691.484,,,,,,
1990,United_Kingdom,CO2_Emissions(kt),555924.534,,,,,,
1990,Indonesia,CO2_Emissions(kt),149565.929,,,,,,
1990,India,CO2_Emissions(kt),619154.615,,,,,,
1990,Italy,CO2_Emissions(kt),417550.289,,,,,,
1990,Japan,CO2_Emissions(kt),1096179.977,,,,,,
1990,"Korea,_Rep.",CO2_Emissions(kt),246943.114,,,,,,
1990,Mexico,CO2_Emissions(kt),318427.612,,,,,,
1990,Saudi_Arabia,CO2_Emissions(kt),185803.223,,,,,,
1990,Turkey,CO2_Emissions(kt),145858.592,,,,,,
1990,United_States,CO2_Emissions(kt),4823403.118,,,,,,
1990,South_Africa,CO2_Emissions(kt),313304.813,,,,,,
1990,Argentina,ForestArea(sq. km),347930,,,,,,
1990,Australia,ForestArea(sq. km),1285410,,,,,,
1990,Brazil,ForestArea(sq. km),5467050,,,,,,
1990,Canada,ForestArea(sq. km),3482730,,,,,,
1990,China,ForestArea(sq. km),1571405.938,,,,,,
1990,German,ForestArea(sq. km),113000,,,,,,
1990,European_Union,ForestArea(sq. km),1479241.502,,,,,,
1990,France,ForestArea(sq. km),144360,,,,,,
1990,United_Kingdom,ForestArea(sq. km),27780,,,,,,
1990,Indonesia,ForestArea(sq. km),1185450,,,,,,
1990,India,ForestArea(sq. km),639390,,,,,,
1990,Italy,ForestArea(sq. km),75900,,,,,,
1990,Japan,ForestArea(sq. km),249500,,,,,,
1990,"Korea,_Rep.",ForestArea(sq. km),63700,,,,,,
1990,Mexico,ForestArea(sq. km),697600,,,,,,
1990,Russian_Federation,ForestArea(sq. km),8089500,,,,,,
1990,Saudi_Arabia,ForestArea(sq. km),9770,,,,,,
1990,Turkey,ForestArea(sq. km),96220,,,,,,
1990,United_States,ForestArea(sq. km),3024500,,,,,,
1990,South_Africa,ForestArea(sq. km),92410,,,,,,
1990,Argentina,Population,32618651,,,,,,
1990,Australia,Population,17065100,,,,,,
1990,Brazil,Population,149003223,,,,,,
1990,Canada,Population,27691138,,,,,,
1990,China,Population,1135185000,,,,,,
1990,German,Population,79433029,,,,,,
1990,European_Union,Population,477725565,,,,,,
1990,France,Population,58235697,,,,,,
1990,United_Kingdom,Population,57247586,,,,,,
1990,Indonesia,Population,181413402,,,,,,
1990,India,Population,873277798,,,,,,
1990,Italy,Population,56719240,,,,,,
1990,Japan,Population,123537000,,,,,,
1990,"Korea,_Rep.",Population,42869283,,,,,,
1990,Mexico,Population,83943132,,,,,,
1990,Russian_Federation,Population,148292000,,,,,,
1990,Saudi_Arabia,Population,16233785,,,,,,
1990,Turkey,Population,53921760,,,,,,
1990,United_States,Population,249623000,,,,,,
1990,South_Africa,Population,36800509,,,,,,
1990,Argentina,Greenhouse_gas_emissions_(kt_of_CO2 equivalent),266555.03,,,,,,
1990,Australia,Greenhouse_gas_emissions_(kt_of_CO2 equivalent),482298.262,,,,,,
1990,Brazil,Greenhouse_gas_emissions_(kt_of_CO2 equivalent),1606209.334,,,,,,
1990,Canada,Greenhouse_gas_emissions_(kt_of_CO2 equivalent),608685,,,,,,
1990,China,Greenhouse_gas_emissions_(kt_of_CO2 equivalent),3892675.16,,,,,,
1990,German,Greenhouse_gas_emissions_(kt_of_CO2 equivalent),1256074.03,,,,,,
1990,European_Union,Greenhouse_gas_emissions_(kt_of_CO2 equivalent),5692720.793,,,,,,
1990,France,Greenhouse_gas_emissions_(kt_of_CO2 equivalent),554685.28,,,,,,
1990,United_Kingdom,Greenhouse_gas_emissions_(kt_of_CO2 equivalent),777244.23,,,,,,
1990,Indonesia,Greenhouse_gas_emissions_(kt_of_CO2 equivalent),1165113.41,,,,,,
1990,India,Greenhouse_gas_emissions_(kt_of_CO2 equivalent),1387371.82,,,,,,
1990,Italy,Greenhouse_gas_emissions_(kt_of_CO2 equivalent),508764.943,,,,,,
1990,Japan,Greenhouse_gas_emissions_(kt_of_CO2 equivalent),1304676.03,,,,,,
1990,"Korea,_Rep.",Greenhouse_gas_emissions_(kt_of_CO2 equivalent),300501.326,,,,,,
1990,Mexico,Greenhouse_gas_emissions_(kt_of_CO2 equivalent),494151.02,,,,,,
1990,Russian_Federation,Greenhouse_gas_emissions_(kt_of_CO2 equivalent),3593581.92,,,,,,
1990,Turkey,Greenhouse_gas_emissions_(kt_of_CO2 equivalent),224459.0446,,,,,,
1990,United_States,Greenhouse_gas_emissions_(kt_of_CO2 equivalent),6136093.5,,,,,,
1990,South_Africa,Greenhouse_gas_emissions_(kt_of_CO2 equivalent),349202.002,,,,,,
1990,Argentina,Urban population,28373007,,,,,,
1990,Australia,Urban population,14579227,,,,,,
1990,Brazil,Urban population,110146163,,,,,,
1990,Canada,Urban population,21206427,,,,,,
1990,China,Urban population,300165618,,,,,,
1990,German,Urban population,58079842,,,,,,
1990,European_Union,Urban population,336414397,,,,,,
1990,France,Urban population,43127028,,,,,,
1990,United_Kingdom,Urban population,44733264,,,,,,
1990,Indonesia,Urban population,55483475,,,,,,
1990,India,Urban population,223096279,,,,,,
1990,Italy,Urban population,37846480,,,,,,
1990,Japan,Urban population,95542280,,,,,,
1990,"Korea,_Rep.",Urban population,31656393,,,,,,
1990,Mexico,Urban population,59951345,,,,,,
1990,Russian_Federation,Urban population,108837430,,,,,,
1990,Saudi_Arabia,Urban population,12432320,,,,,,
1990,Turkey,Urban population,31923300,,,,,,
1990,United_States,Urban population,187966119,,,,,,
1990,South_Africa,Urban population,19149881,,,,,,
2000,Argentina,Agricultural_land_(sq. km),1285100,,,,,,
2000,Australia,Agricultural_land_(sq. km),4555000,,,,,,
2000,Brazil,Agricultural_land_(sq. km),2614060,,,,,,
2000,Canada,Agricultural_land_(sq. km),676130,,,,,,
2000,China,Agricultural_land_(sq. km),5220030,,,,,,
2000,German,Agricultural_land_(sq. km),170680,,,,,,
2000,European_Union,Agricultural_land_(sq. km),1998270.802,,,,,,
2000,France,Agricultural_land_(sq. km),298074.0039,,,,,,
2000,United_Kingdom,Agricultural_land_(sq. km),169640,,,,,,
2000,Indonesia,Agricultural_land_(sq. km),471770,,,,,,
2000,India,Agricultural_land_(sq. km),1809750,,,,,,
2000,Italy,Agricultural_land_(sq. km),156370,,,,,,
2000,Japan,Agricultural_land_(sq. km),52580,,,,,,
2000,"Korea,_Rep.",Agricultural_land_(sq. km),19730,,,,,,
2000,Mexico,Agricultural_land_(sq. km),1063300,,,,,,
2000,Russian_Federation,Agricultural_land_(sq. km),2171620,,,,,,
2000,Saudi_Arabia,Agricultural_land_(sq. km),1737850,,,,,,
2000,Turkey,Agricultural_land_(sq. km),404790,,,,,,
2000,United_States,Agricultural_land_(sq. km),4143990,,,,,,
2000,South_Africa,Agricultural_land_(sq. km),981250,,,,,,
2000,Argentina,CO2_Emissions(kt),142136.587,,,,,,
2000,Australia,CO2_Emissions(kt),329443.28,,,,,,
2000,Brazil,CO2_Emissions(kt),327983.814,,,,,,
2000,Canada,CO2_Emissions(kt),534380.909,,,,,,
2000,China,CO2_Emissions(kt),3405179.867,,,,,,
2000,German,CO2_Emissions(kt),829977.779,,,,,,
2000,European_Union,CO2_Emissions(kt),3911984.936,,,,,,
2000,France,CO2_Emissions(kt),362226.26,,,,,,
2000,United_Kingdom,CO2_Emissions(kt),541784.582,,,,,,
2000,Indonesia,CO2_Emissions(kt),263418.945,,,,,,
2000,India,CO2_Emissions(kt),1031853.463,,,,,,
2000,Italy,CO2_Emissions(kt),450564.29,,,,,,
2000,Japan,CO2_Emissions(kt),1220527.947,,,,,,
2000,"Korea,_Rep.",CO2_Emissions(kt),447561.017,,,,,,
2000,Mexico,CO2_Emissions(kt),398382.88,,,,,,
2000,Russian_Federation,CO2_Emissions(kt),1557899.281,,,,,,
2000,Saudi_Arabia,CO2_Emissions(kt),296935.325,,,,,,
2000,Turkey,CO2_Emissions(kt),216151.315,,,,,,
2000,United_States,CO2_Emissions(kt),5693684.894,,,,,,
2000,South_Africa,CO2_Emissions(kt),378665.421,,,,,,
2000,Argentina,ForestArea(sq. km),318600,,,,,,
2000,Australia,ForestArea(sq. km),1288410,,,,,,
2000,Brazil,ForestArea(sq. km),5212740,,,,,,
2000,Canada,ForestArea(sq. km),3478020,,,,,,
2000,China,ForestArea(sq. km),1770005,,,,,,
2000,German,ForestArea(sq. km),113540,,,,,,
2000,European_Union,ForestArea(sq. km),1547363.495,,,,,,
2000,France,ForestArea(sq. km),152890,,,,,,
2000,United_Kingdom,ForestArea(sq. km),29540,,,,,,
2000,Indonesia,ForestArea(sq. km),994090,,,,,,
2000,India,ForestArea(sq. km),653900,,,,,,
2000,Italy,ForestArea(sq. km),83690,,,,,,
2000,Japan,ForestArea(sq. km),248760,,,,,,
2000,"Korea,_Rep.",ForestArea(sq. km),62880,,,,,,
2000,Mexico,ForestArea(sq. km),678560,,,,,,
2000,Russian_Federation,ForestArea(sq. km),8092685,,,,,,
2000,Saudi_Arabia,ForestArea(sq. km),9770,,,,,,
2000,Turkey,ForestArea(sq. km),101830,,,,,,
2000,United_States,ForestArea(sq. km),3035360,,,,,,
2000,South_Africa,ForestArea(sq. km),92410,,,,,,
2000,Argentina,Population,36870787,,,,,,
2000,Australia,Population,19153000,,,,,,
2000,Brazil,Population,174790340,,,,,,
2000,Canada,Population,30685730,,,,,,
2000,China,Population,1262645000,,,,,,
2000,German,Population,82211508,,,,,,
2000,European_Union,Population,488221138,,,,,,
2000,France,Population,60912500,,,,,,
2000,United_Kingdom,Population,58892514,,,,,,
2000,Indonesia,Population,211513823,,,,,,
2000,India,Population,1056575549,,,,,,
2000,Italy,Population,56942108,,,,,,
2000,Japan,Population,126843000,,,,,,
2000,"Korea,_Rep.",Population,47008111,,,,,,
2000,Mexico,Population,98899845,,,,,,
2000,Russian_Federation,Population,146596557,,,,,,
2000,Saudi_Arabia,Population,20663843,,,,,,
2000,Turkey,Population,63240194,,,,,,
2000,United_States,Population,282162411,,,,,,
2000,South_Africa,Population,44967708,,,,,,
2000,Argentina,Greenhouse_gas_emissions_(kt_of_CO2 equivalent),331450.87,,,,,,
2000,Australia,Greenhouse_gas_emissions_(kt_of_CO2 equivalent),1081244.41,,,,,,
2000,Brazil,Greenhouse_gas_emissions_(kt_of_CO2 equivalent),1222630.43,,,,,,
2000,Canada,Greenhouse_gas_emissions_(kt_of_CO2 equivalent),760643,,,,,,
2000,China,Greenhouse_gas_emissions_(kt_of_CO2 equivalent),5082325.6,,,,,,
2000,German,Greenhouse_gas_emissions_(kt_of_CO2 equivalent),1016295.545,,,,,,
2000,European_Union,Greenhouse_gas_emissions_(kt_of_CO2 equivalent),5121050.564,,,,,,
2000,France,Greenhouse_gas_emissions_(kt_of_CO2 equivalent),559922.199,,,,,,
2000,United_Kingdom,Greenhouse_gas_emissions_(kt_of_CO2 equivalent),673897.408,,,,,,
2000,Indonesia,Greenhouse_gas_emissions_(kt_of_CO2 equivalent),622464.65,,,,,,
2000,India,Greenhouse_gas_emissions_(kt_of_CO2 equivalent),1885189,,,,,,
2000,Italy,Greenhouse_gas_emissions_(kt_of_CO2 equivalent),547349.86,,,,,,
2000,Japan,Greenhouse_gas_emissions_(kt_of_CO2 equivalent),1406194.588,,,,,,
2000,"Korea,_Rep.",Greenhouse_gas_emissions_(kt_of_CO2 equivalent),512819.936,,,,,,
2000,Mexico,Greenhouse_gas_emissions_(kt_of_CO2 equivalent),576489.52,,,,,,
2000,Russian_Federation,Greenhouse_gas_emissions_(kt_of_CO2 equivalent),2771222,,,,,,
2000,Saudi_Arabia,Greenhouse_gas_emissions_(kt_of_CO2 equivalent),310713.5,,,,,,
2000,Turkey,Greenhouse_gas_emissions_(kt_of_CO2 equivalent),316464.841,,,,,,
2000,United_States,Greenhouse_gas_emissions_(kt_of_CO2 equivalent),6969123.8,,,,,,
2000,South_Africa,Greenhouse_gas_emissions_(kt_of_CO2 equivalent),420482.753,,,,,,
2000,Argentina,Urban population,32867357,,,,,,
2000,Australia,Urban population,16133530,,,,,,
2000,Brazil,Urban population,141915773,,,,,,
2000,Canada,Urban population,24388404,,,,,,
2000,China,Urban population,452999147,,,,,,
2000,German,Urban population,61629857,,,,,,
2000,European_Union,Urban population,350394604,,,,,,
2000,France,Urban population,46214923,,,,,,
2000,United_Kingdom,Urban population,46319551,,,,,,
2000,Indonesia,Urban population,88840036,,,,,,
2000,India,Urban population,292322757,,,,,,
2000,Italy,Urban population,38277624,,,,,,
2000,Japan,Urban population,99760751,,,,,,
2000,"Korea,_Rep.",Urban population,37428328,,,,,,
2000,Mexico,Urban population,73899942,,,,,,
2000,Russian_Federation,Urban population,107528575,,,,,,
2000,Saudi_Arabia,Urban population,16499665,,,,,,
2000,Turkey,Urban population,40942334,,,,,,
2000,United_States,Urban population,223069137,,,,,,
2000,South_Africa,Urban population,25582579,,,,,,
2010,Argentina,Agricultural_land_(sq. km),1474810,,,,,,
2010,Australia,Agricultural_land_(sq. km),3985800,,,,,,
2010,Brazil,Agricultural_land_(sq. km),2734630,,,,,,
2010,Canada,Agricultural_land_(sq. km),632686.0156,,,,,,
2010,China,Agricultural_land_(sq. km),5145500,,,,,,
2010,German,Agricultural_land_(sq. km),167000,,,,,,
2010,European_Union,Agricultural_land_(sq. km),1873627.004,,,,,,
2010,France,Agricultural_land_(sq. km),289263.0078,,,,,,
2010,United_Kingdom,Agricultural_land_(sq. km),172240,,,,,,
2010,Indonesia,Agricultural_land_(sq. km),556000,,,,,,
2010,India,Agricultural_land_(sq. km),1795730,,,,,,
2010,Italy,Agricultural_land_(sq. km),143277.998,,,,,,
2010,Japan,Agricultural_land_(sq. km),45930,,,,,,
2010,"Korea,_Rep.",Agricultural_land_(sq. km),17730,,,,,,
2010,Mexico,Agricultural_land_(sq. km),1066150,,,,,,
2010,Russian_Federation,Agricultural_land_(sq. km),2139520,,,,,,
2010,Saudi_Arabia,Agricultural_land_(sq. km),1734060,,,,,,
2010,Turkey,Agricultural_land_(sq. km),390120,,,,,,
2010,United_States,Agricultural_land_(sq. km),4084261.875,,,,,,
2010,South_Africa,Agricultural_land_(sq. km),968910,,,,,,
2010,Argentina,CO2_Emissions(kt),187919.082,,,,,,
2010,Australia,CO2_Emissions(kt),390861.863,,,,,,
2010,Brazil,CO2_Emissions(kt),419754.156,,,,,,
2010,Canada,CO2_Emissions(kt),534670.602,,,,,,
2010,China,CO2_Emissions(kt),8776040.416,,,,,,
2010,German,CO2_Emissions(kt),758859.981,,,,,,
2010,European_Union,CO2_Emissions(kt),3709775.555,,,,,,
2010,France,CO2_Emissions(kt),353033.091,,,,,,
2010,United_Kingdom,CO2_Emissions(kt),493207.833,,,,,,
2010,Indonesia,CO2_Emissions(kt),428760.308,,,,,,
2010,India,CO2_Emissions(kt),1719690.988,,,,,,
2010,Italy,CO2_Emissions(kt),405361.181,,,,,,
2010,Japan,CO2_Emissions(kt),1171624.835,,,,,,
2010,"Korea,_Rep.",CO2_Emissions(kt),566716.515,,,,,,
2010,Mexico,CO2_Emissions(kt),464308.206,,,,,,
2010,Russian_Federation,CO2_Emissions(kt),1670531.186,,,,,,
2010,Saudi_Arabia,CO2_Emissions(kt),518491.798,,,,,,
2010,Turkey,CO2_Emissions(kt),298002.422,,,,,,
2010,United_States,CO2_Emissions(kt),5395532.125,,,,,,
2010,South_Africa,CO2_Emissions(kt),474099.096,,,,,,
2010,Argentina,ForestArea(sq. km),285960,,,,,,
2010,Australia,ForestArea(sq. km),1232110,,,,,,
2010,Brazil,ForestArea(sq. km),4984580,,,,,,
2010,Canada,ForestArea(sq. km),3473020,,,,,,
2010,China,ForestArea(sq. km),2006102.969,,,,,,
2010,German,ForestArea(sq. km),114090,,,,,,
2010,European_Union,ForestArea(sq. km),1592350.192,,,,,,
2010,France,ForestArea(sq. km),164240,,,,,,
2010,United_Kingdom,ForestArea(sq. km),30590,,,,,,
2010,Indonesia,ForestArea(sq. km),944320,,,,,,
2010,India,ForestArea(sq. km),697900,,,,,,
2010,Italy,ForestArea(sq. km),90280,,,,,,
2010,Japan,ForestArea(sq. km),249660,,,,,,
2010,"Korea,_Rep.",ForestArea(sq. km),62220,,,,,,
2010,Mexico,ForestArea(sq. km),664980,,,,,,
2010,Russian_Federation,ForestArea(sq. km),8151356.25,,,,,,
2010,Saudi_Arabia,ForestArea(sq. km),9770,,,,,,
2010,Turkey,ForestArea(sq. km),112030,,,,,,
2010,United_States,ForestArea(sq. km),3087200,,,,,,
2010,South_Africa,ForestArea(sq. km),92410,,,,,,
2010,Argentina,Population,40788453,,,,,,
2010,Australia,Population,22031750,,,,,,
2010,Brazil,Population,195713635,,,,,,
2010,Canada,Population,34004889,,,,,,
2010,China,Population,1337705000,,,,,,
2010,German,Population,81776930,,,,,,
2010,European_Union,Population,504298777,,,,,,
2010,France,Population,65027507,,,,,,
2010,United_Kingdom,Population,62766365,,,,,,
2010,Indonesia,Population,241834215,,,,,,
2010,India,Population,1234281170,,,,,,
2010,Italy,Population,59277417,,,,,,
2010,Japan,Population,128070000,,,,,,
2010,"Korea,_Rep.",Population,49554112,,,,,,
2010,Mexico,Population,114092963,,,,,,
2010,Russian_Federation,Population,142849449,,,,,,
2010,Saudi_Arabia,Population,27421461,,,,,,
2010,Turkey,Population,72326988,,,,,,
2010,United_States,Population,309326085,,,,,,
2010,South_Africa,Population,51216964,,,,,,
2010,Argentina,Greenhouse_gas_emissions_(kt_of_CO2 equivalent),364684.2538,,,,,,
2010,Australia,Greenhouse_gas_emissions_(kt_of_CO2 equivalent),782102.6922,,,,,,
2010,Brazil,Greenhouse_gas_emissions_(kt_of_CO2 equivalent),2902242.618,,,,,,
2010,Canada,Greenhouse_gas_emissions_(kt_of_CO2 equivalent),764137.6753,,,,,,
2010,China,Greenhouse_gas_emissions_(kt_of_CO2 equivalent),11183810.6,,,,,,
2010,German,Greenhouse_gas_emissions_(kt_of_CO2 equivalent),948006.7542,,,,,,
2010,European_Union,Greenhouse_gas_emissions_(kt_of_CO2 equivalent),4847306.347,,,,,,
2010,France,Greenhouse_gas_emissions_(kt_of_CO2 equivalent),532133.0404,,,,,,
2010,United_Kingdom,Greenhouse_gas_emissions_(kt_of_CO2 equivalent),609586.561,,,,,,
2010,Indonesia,Greenhouse_gas_emissions_(kt_of_CO2 equivalent),744790.0241,,,,,,
2010,India,Greenhouse_gas_emissions_(kt_of_CO2 equivalent),2771456.756,,,,,,
2010,Italy,Greenhouse_gas_emissions_(kt_of_CO2 equivalent),489460.1327,,,,,,
2010,Japan,Greenhouse_gas_emissions_(kt_of_CO2 equivalent),1350427.913,,,,,,
2010,"Korea,_Rep.",Greenhouse_gas_emissions_(kt_of_CO2 equivalent),628838.7211,,,,,,
2010,Mexico,Greenhouse_gas_emissions_(kt_of_CO2 equivalent),643375.4336,,,,,,
2010,Russian_Federation,Greenhouse_gas_emissions_(kt_of_CO2 equivalent),2603289.63,,,,,,
2010,Turkey,Greenhouse_gas_emissions_(kt_of_CO2 equivalent),422721.8742,,,,,,
2010,United_States,Greenhouse_gas_emissions_(kt_of_CO2 equivalent),6713348.969,,,,,,
2010,Argentina,Urban population,37055902,,,,,,
2010,Australia,Urban population,18767085,,,,,,
2010,Brazil,Urban population,165055094,,,,,,
2010,Canada,Urban population,27522537,,,,,,
2010,China,Urban population,658498663,,,,,,
2010,German,Urban population,62940432,,,,,,
2010,European_Union,Urban population,373226783,,,,,,
2010,France,Urban population,50961407,,,,,,
2010,United_Kingdom,Urban population,51030310,,,,,,
2010,Indonesia,Urban population,120709130,,,,,,
2010,India,Urban population,381763166,,,,,,
2010,Italy,Urban population,40502481,,,,,,
2010,Japan,Urban population,116302928,,,,,,
2010,"Korea,_Rep.",Urban population,40602657,,,,,,
2010,Mexico,Urban population,88781439,,,,,,
2010,Russian_Federation,Urban population,105261473,,,,,,
2010,Saudi_Arabia,Urban population,22508632,,,,,,
2010,Turkey,Urban population,51225589,,,,,,
2010,United_States,Urban population,249848865,,,,,,
2010,South_Africa,Urban population,31866171,,,,,,
2015,Argentina,Agricultural_land_(sq. km),1487000,,,,,,
2015,Australia,Agricultural_land_(sq. km),4062690,,,,,,
2015,Brazil,Agricultural_land_(sq. km),2835790,,,,,,
2015,Canada,Agricultural_land_(sq. km),626413.9844,,,,,,
2015,China,Agricultural_land_(sq. km),5145530,,,,,,
2015,German,Agricultural_land_(sq. km),167250,,,,,,
2015,European_Union,Agricultural_land_(sq. km),1827078.701,,,,,,
2015,France,Agricultural_land_(sq. km),287665,,,,,,
2015,United_Kingdom,Agricultural_land_(sq. km),172320,,,,,,
2015,Indonesia,Agricultural_land_(sq. km),570000,,,,,,
2015,India,Agricultural_land_(sq. km),1797210,,,,,,
2015,Italy,Agricultural_land_(sq. km),131620,,,,,,
2015,Japan,Agricultural_land_(sq. km),45180,,,,,,
2015,"Korea,_Rep.",Agricultural_land_(sq. km),17483.00049,,,,,,
2015,Mexico,Agricultural_land_(sq. km),1069260,,,,,,
2015,Russian_Federation,Agricultural_land_(sq. km),2177218.125,,,,,,
2015,Saudi_Arabia,Agricultural_land_(sq. km),1735752.969,,,,,,
2015,Turkey,Agricultural_land_(sq. km),385610,,,,,,
2015,United_States,Agricultural_land_(sq. km),4078655,,,,,,
2015,South_Africa,Agricultural_land_(sq. km),968410,,,,,,
2015,Argentina,CO2_Emissions(kt),204024.546,,,,,,
2015,Australia,CO2_Emissions(kt),361261.839,,,,,,
2015,Brazil,CO2_Emissions(kt),529808.16,,,,,,
2015,Canada,CO2_Emissions(kt),537193.498,,,,,,
2015,China,CO2_Emissions(kt),10291926.88,,,,,,
2015,German,CO2_Emissions(kt),719883.438,,,,,,
2015,European_Union,CO2_Emissions(kt),3241844.353,,,,,,
2015,France,CO2_Emissions(kt),303275.568,,,,,,
2015,United_Kingdom,CO2_Emissions(kt),419820.162,,,,,,
2015,Indonesia,CO2_Emissions(kt),464176.194,,,,,,
2015,India,CO2_Emissions(kt),2238377.137,,,,,,
2015,Italy,CO2_Emissions(kt),320411.459,,,,,,
2015,Japan,CO2_Emissions(kt),1214048.358,,,,,,
2015,"Korea,_Rep.",CO2_Emissions(kt),587156.373,,,,,,
2015,Mexico,CO2_Emissions(kt),480270.657,,,,,,
2015,Russian_Federation,CO2_Emissions(kt),1705345.684,,,,,,
2015,Saudi_Arabia,CO2_Emissions(kt),601046.969,,,,,,
2015,Turkey,CO2_Emissions(kt),345981.45,,,,,,
2015,United_States,CO2_Emissions(kt),5254279.285,,,,,,
2015,South_Africa,CO2_Emissions(kt),489771.854,,,,,,
2015,Argentina,ForestArea(sq. km),274088.0078,,,,,,
2015,Australia,ForestArea(sq. km),1244430,,,,,,
2015,Brazil,ForestArea(sq. km),4945220,,,,,,
2015,Canada,ForestArea(sq. km),3471155.938,,,,,,
2015,China,ForestArea(sq. km),2067790.938,,,,,,
2015,German,ForestArea(sq. km),114170,,,,,,
2015,European_Union,ForestArea(sq. km),1607120,,,,,,
2015,France,ForestArea(sq. km),168760,,,,,,
2015,United_Kingdom,ForestArea(sq. km),31270,,,,,,
2015,Indonesia,ForestArea(sq. km),916943.9844,,,,,,
2015,India,ForestArea(sq. km),705036.0156,,,,,,
2015,Italy,ForestArea(sq. km),92432.00195,,,,,,
2015,Japan,ForestArea(sq. km),249595.9961,,,,,,
2015,"Korea,_Rep.",ForestArea(sq. km),61916.00098,,,,,,
2015,Mexico,ForestArea(sq. km),661316.0156,,,,,,
2015,Russian_Federation,ForestArea(sq. km),8149715,,,,,,
2015,Saudi_Arabia,ForestArea(sq. km),9770,,,,,,
2015,Turkey,ForestArea(sq. km),116125.9961,,,,,,
2015,United_States,ForestArea(sq. km),3098200,,,,,,
2015,South_Africa,ForestArea(sq. km),92410,,,,,,
2018,Argentina,Population,44494502,,,,,,
2018,Australia,Population,24992369,,,,,,
2018,Brazil,Population,209469333,,,,,,
2018,Canada,Population,37058856,,,,,,
2018,China,Population,1392730000,,,,,,
2018,German,Population,82927922,,,,,,
2018,European_Union,Population,513213363,,,,,,
2018,France,Population,66987244,,,,,,
2018,United_Kingdom,Population,66488991,,,,,,
2018,Indonesia,Population,267663435,,,,,,
2018,India,Population,1352617328,,,,,,
2018,Italy,Population,60431283,,,,,,
2018,Japan,Population,126529100,,,,,,
2018,"Korea,_Rep.",Population,51635256,,,,,,
2018,Mexico,Population,126190788,,,,,,
2018,Russian_Federation,Population,144478050,,,,,,
2018,Saudi_Arabia,Population,33699947,,,,,,
2018,Turkey,Population,82319724,,,,,,
2018,United_States,Population,327167434,,,,,,
2018,South_Africa,Population,57779622,,,,,,
2018,Argentina,Urban population,40877099,,,,,,
2018,Australia,Urban population,21496436,,,,,,
2018,Brazil,Urban population,181335507,,,,,,
2018,Canada,Urban population,30169985,,,,,,
2018,China,Urban population,823827650,,,,,,
2018,German,Urban population,64113235,,,,,,
2018,European_Union,Urban population,388326219,,,,,,
2018,France,Urban population,53887219,,,,,,
2018,United_Kingdom,Urban population,55450489,,,,,,
2018,Indonesia,Urban population,148084795,,,,,,
2018,India,Urban population,460295677,,,,,,
2018,Italy,Urban population,42566587,,,,,,
2018,Japan,Urban population,115920900,,,,,,
2018,"Korea,_Rep.",Urban population,42061563,,,,,,
2018,Mexico,Urban population,101149488,,,,,,
2018,Russian_Federation,Urban population,107539347,,,,,,
2018,Saudi_Arabia,Urban population,28255384,,,,,,
2018,Turkey,Urban population,61857510,,,,,,
2018,United_States,Urban population,269114845,,,,,,
2018,South_Africa,Urban population,38339668,,,,,,
